{"cameraMode":{"drawMode":0,"name":"Shaded","section":"Shading Mode"},"sceneLighting":true,"audioPlay":false,"sceneViewState":{"showFog":true,"showMaterialUpdate":false,"showSkybox":true,"showFlares":true,"showImageEffects":true,"showParticleSystems":true},"in2DMode":false,"pivot":{"x":-21.959999084472658,"y":1.1455862522125245,"z":0.20000004768371583},"rotation":{"x":-0.1695309579372406,"y":0.296964168548584,"z":-0.05440976470708847,"w":-0.9392340779304504},"size":12.086079597473145,"orthographic":true}