{"cameraMode":{"drawMode":0,"name":"Shaded","section":"Shading Mode"},"sceneLighting":false,"audioPlay":false,"sceneViewState":{"showFog":true,"showMaterialUpdate":false,"showSkybox":true,"showFlares":true,"showImageEffects":true,"showParticleSystems":true},"in2DMode":false,"pivot":{"x":-16.950000762939454,"y":7.620311737060547,"z":72.89921569824219},"rotation":{"x":0.36869701743125918,"y":-0.24791981279850007,"z":0.10014070570468903,"w":0.8908243179321289},"size":53.39177703857422,"orthographic":true}