{"cameraMode":{"drawMode":0,"name":"Shaded","section":"Shading Mode"},"sceneLighting":true,"audioPlay":false,"sceneViewState":{"showFog":true,"showMaterialUpdate":false,"showSkybox":true,"showFlares":true,"showImageEffects":true,"showParticleSystems":true},"in2DMode":false,"pivot":{"x":-6.470703125,"y":14.87353515625,"z":50.5458984375},"rotation":{"x":0.1446325033903122,"y":-0.30885419249534609,"z":0.05235786363482475,"w":0.9396373629570007},"size":14.472015380859375,"orthographic":true}