{"cameraMode":{"drawMode":0,"name":"Shaded","section":"Shading Mode"},"sceneLighting":true,"audioPlay":false,"sceneViewState":{"showFog":true,"showMaterialUpdate":false,"showSkybox":true,"showFlares":true,"showImageEffects":true,"showParticleSystems":true},"in2DMode":false,"pivot":{"x":719.3040771484375,"y":974.1600341796875,"z":0.0},"rotation":{"x":-0.3669384717941284,"y":0.19041632115840913,"z":-0.07885824143886566,"w":-0.9082691073417664},"size":1574.0277099609375,"orthographic":true}