{"cameraMode":{"drawMode":0,"name":"Shaded","section":"Shading Mode"},"sceneLighting":true,"audioPlay":false,"sceneViewState":{"showFog":true,"showMaterialUpdate":false,"showSkybox":true,"showFlares":true,"showImageEffects":true,"showParticleSystems":true},"in2DMode":false,"pivot":{"x":0.23779296875,"y":2.4417724609375,"z":2.5235595703125},"rotation":{"x":-0.013280946761369706,"y":0.9763035774230957,"z":-0.20687776803970338,"w":-0.06276611238718033},"size":18.055484771728517,"orthographic":true}