{"cameraMode":{"drawMode":0,"name":"Shaded","section":"Shading Mode"},"sceneLighting":true,"audioPlay":false,"sceneViewState":{"showFog":true,"showMaterialUpdate":false,"showSkybox":true,"showFlares":true,"showImageEffects":true,"showParticleSystems":true},"in2DMode":false,"pivot":{"x":-16.305009841918947,"y":9.534431457519532,"z":113.335205078125},"rotation":{"x":0.33985671401023867,"y":-0.0597195029258728,"z":0.02936544455587864,"w":0.9391170740127564},"size":32.51118850708008,"orthographic":true}