{"cameraMode":{"drawMode":0,"name":"Shaded","section":"Shading Mode"},"sceneLighting":true,"audioPlay":false,"sceneViewState":{"showFog":true,"showMaterialUpdate":false,"showSkybox":true,"showFlares":true,"showImageEffects":true,"showParticleSystems":true},"in2DMode":false,"pivot":{"x":88.013671875,"y":115.7939453125,"z":-233.5234375},"rotation":{"x":0.18633675575256349,"y":-0.21882666647434236,"z":0.0426764078438282,"w":0.9570478796958923},"size":10.272283554077149,"orthographic":true}