{"cameraMode":{"drawMode":0,"name":"Shaded","section":"Shading Mode"},"sceneLighting":true,"audioPlay":false,"sceneViewState":{"showFog":true,"showMaterialUpdate":false,"showSkybox":true,"showFlares":true,"showImageEffects":true,"showParticleSystems":true},"in2DMode":false,"pivot":{"x":363.49981689453127,"y":277.5039367675781,"z":0.0},"rotation":{"x":0.13890591263771058,"y":0.0038364615757018329,"z":0.006791302468627691,"w":0.9912198781967163},"size":656.7605590820313,"orthographic":true}