{"cameraMode":{"drawMode":0,"name":"Shaded","section":"Shading Mode"},"sceneLighting":true,"audioPlay":false,"sceneViewState":{"showFog":true,"showMaterialUpdate":false,"showSkybox":true,"showFlares":true,"showImageEffects":true,"showParticleSystems":true},"in2DMode":false,"pivot":{"x":-1.5330822467803956,"y":2.1451306343078615,"z":2.2906179428100588},"rotation":{"x":-0.0136879812926054,"y":-0.9724859595298767,"z":0.22850532829761506,"w":-0.06286618858575821},"size":3.3321914672851564,"orthographic":true}