{"cameraMode":{"drawMode":0,"name":"Shaded","section":"Shading Mode"},"sceneLighting":false,"audioPlay":false,"sceneViewState":{"showFog":true,"showMaterialUpdate":false,"showSkybox":false,"showFlares":true,"showImageEffects":true,"showParticleSystems":true},"in2DMode":false,"pivot":{"x":0.07999999821186066,"y":0.0,"z":0.9399999976158142},"rotation":{"x":-0.013280946761369706,"y":0.9763035774230957,"z":-0.20687776803970338,"w":-0.06276611238718033},"size":7.724862098693848,"orthographic":true}