{"cameraMode":{"drawMode":0,"name":"Shaded","section":"Shading Mode"},"sceneLighting":false,"audioPlay":false,"sceneViewState":{"showFog":true,"showMaterialUpdate":false,"showSkybox":false,"showFlares":true,"showImageEffects":true,"showParticleSystems":true},"in2DMode":false,"pivot":{"x":-14.7119140625,"y":7.908935546875,"z":71.24002838134766},"rotation":{"x":0.12611153721809388,"y":-0.19717669486999513,"z":0.02733243629336357,"w":0.9725196361541748},"size":2.8147335052490236,"orthographic":true}