{"cameraMode":{"drawMode":0,"name":"Shaded","section":"Shading Mode"},"sceneLighting":true,"audioPlay":false,"sceneViewState":{"showFog":true,"showMaterialUpdate":false,"showSkybox":true,"showFlares":true,"showImageEffects":true,"showParticleSystems":true},"in2DMode":false,"pivot":{"x":-21.399999618530275,"y":8.819999694824219,"z":56.0},"rotation":{"x":0.4903462529182434,"y":-0.5067446231842041,"z":0.4907435178756714,"w":0.5133450031280518},"size":101.85247039794922,"orthographic":true}