{"cameraMode":{"drawMode":0,"name":"Shaded","section":"Shading Mode"},"sceneLighting":true,"audioPlay":false,"sceneViewState":{"showFog":true,"showMaterialUpdate":false,"showSkybox":true,"showFlares":true,"showImageEffects":true,"showParticleSystems":true},"in2DMode":false,"pivot":{"x":-13.0889892578125,"y":403.0390625,"z":-41.23046875},"rotation":{"x":0.613470733165741,"y":0.01046566478908062,"z":0.001464508124627173,"w":0.7908328175544739},"size":96.02582550048828,"orthographic":true}