{"cameraMode":{"drawMode":0,"name":"Shaded","section":"Shading Mode"},"sceneLighting":false,"audioPlay":false,"sceneViewState":{"showFog":true,"showMaterialUpdate":false,"showSkybox":false,"showFlares":true,"showImageEffects":true,"showParticleSystems":true},"in2DMode":false,"pivot":{"x":-14.7119140625,"y":7.908935546875,"z":71.24002838134766},"rotation":{"x":0.20007680356502534,"y":-0.00040621269727125764,"z":0.0019320751307532192,"w":0.9804534316062927},"size":1.4289418458938599,"orthographic":true}