{"cameraMode":{"drawMode":0,"name":"Shaded","section":"Shading Mode"},"sceneLighting":false,"audioPlay":false,"sceneViewState":{"showFog":true,"showMaterialUpdate":false,"showSkybox":true,"showFlares":true,"showImageEffects":true,"showParticleSystems":true},"in2DMode":false,"pivot":{"x":-0.6852157711982727,"y":0.5631089210510254,"z":1.414473533630371},"rotation":{"x":-0.03664052113890648,"y":0.9278058409690857,"z":-0.36210086941719057,"w":-0.08775144070386887},"size":5.413156509399414,"orthographic":true}