{"cameraMode":{"drawMode":0,"name":"Shaded","section":"Shading Mode"},"sceneLighting":true,"audioPlay":false,"sceneViewState":{"showFog":true,"showMaterialUpdate":false,"showSkybox":true,"showFlares":true,"showImageEffects":true,"showParticleSystems":true},"in2DMode":false,"pivot":{"x":-16.902481079101564,"y":8.820459365844727,"z":67.69776916503906},"rotation":{"x":-0.07321254163980484,"y":0.0520196408033371,"z":-0.0021670088171958925,"w":-0.9969997406005859},"size":11.676085472106934,"orthographic":true}