{"cameraMode":{"drawMode":0,"name":"Shaded","section":"Shading Mode"},"sceneLighting":true,"audioPlay":false,"sceneViewState":{"showFog":true,"showMaterialUpdate":false,"showSkybox":true,"showFlares":true,"showImageEffects":true,"showParticleSystems":true},"in2DMode":false,"pivot":{"x":-32.396934509277347,"y":7.1979570388793949,"z":7.915109157562256},"rotation":{"x":-0.025148866698145868,"y":0.4603733718395233,"z":-0.015412169508635998,"w":-0.8881011009216309},"size":4.497617721557617,"orthographic":true}