{"cameraMode":{"drawMode":0,"name":"Shaded","section":"Shading Mode"},"sceneLighting":true,"audioPlay":false,"sceneViewState":{"showFog":true,"showMaterialUpdate":false,"showSkybox":true,"showFlares":true,"showImageEffects":true,"showParticleSystems":true},"in2DMode":false,"pivot":{"x":5.960464477539063e-8,"y":2.299999952316284,"z":-1.1920928955078126e-7},"rotation":{"x":-0.051069166511297229,"y":0.09184703230857849,"z":-0.004720702301710844,"w":-0.9944629669189453},"size":18.696117401123048,"orthographic":true}