{"cameraMode":{"drawMode":0,"name":"Shaded","section":"Shading Mode"},"sceneLighting":true,"audioPlay":false,"sceneViewState":{"showFog":true,"showMaterialUpdate":false,"showSkybox":true,"showFlares":true,"showImageEffects":true,"showParticleSystems":true},"in2DMode":false,"pivot":{"x":1060.3621826171875,"y":593.4586791992188,"z":-388.7502136230469},"rotation":{"x":0.02821500226855278,"y":0.009395580738782883,"z":-0.0004794482374563813,"w":-1.0005826950073243},"size":2809.03662109375,"orthographic":true}