{"cameraMode":{"drawMode":0,"name":"Shaded","section":"Shading Mode"},"sceneLighting":true,"audioPlay":false,"sceneViewState":{"showFog":true,"showMaterialUpdate":false,"showSkybox":true,"showFlares":true,"showImageEffects":true,"showParticleSystems":true},"in2DMode":false,"pivot":{"x":-23.350000381469728,"y":9.260000228881836,"z":80.16000366210938},"rotation":{"x":-0.06837276369333267,"y":0.11615526676177979,"z":-0.007094427011907101,"w":-0.9919010996818543},"size":19.67799949645996,"orthographic":true}